{
  "instance_id": 3,
  "source_instance": "RoiSet11",
  "volume_shape_zyx": [
    40,
    33,
    65
  ],
  "voxel_size_xy_um": 0.03224206349206349,
  "voxel_size_z_um": 0.1259387755102041,
  "offset_xy_global_px": [
    1935,
    143
  ],
  "z_min_um": -1.8890816326530615,
  "z_max_um": 3.148469387755103,
  "z0_index": 15,
  "source_image": "WT_THY_HADA_NADA_TADA_40min_ROI2_SIM.czi",
  "is_gt": true
}