{
  "instance_id": 12,
  "source_instance": "RoiSet2",
  "volume_shape_zyx": [
    40,
    45,
    76
  ],
  "voxel_size_xy_um": 0.03224206349206349,
  "voxel_size_z_um": 0.1259387755102041,
  "offset_xy_global_px": [
    991,
    1225
  ],
  "z_min_um": -1.7631428571428573,
  "z_max_um": 3.2744081632653073,
  "z0_index": 14,
  "source_image": "WT_THY_HADA_NADA_TADA_40min_ROI2_SIM.czi",
  "is_gt": true
}