{
  "instance_id": 19,
  "source_instance": "RoiSet8",
  "volume_shape_zyx": [
    40,
    38,
    70
  ],
  "voxel_size_xy_um": 0.03224206349206349,
  "voxel_size_z_um": 0.1259387755102041,
  "offset_xy_global_px": [
    704,
    834
  ],
  "z_min_um": -1.9520510204081636,
  "z_max_um": 3.085500000000001,
  "z0_index": 16,
  "source_image": "WT_THY_HADA_NADA_TADA_40min_ROI2_SIM.czi",
  "is_gt": true
}