{
  "instance_id": 10,
  "source_instance": "RoiSet18",
  "volume_shape_zyx": [
    40,
    63,
    77
  ],
  "voxel_size_xy_um": 0.03224206349206349,
  "voxel_size_z_um": 0.1259387755102041,
  "offset_xy_global_px": [
    1253,
    2215
  ],
  "z_min_um": -1.7001734693877555,
  "z_max_um": 3.337377551020409,
  "z0_index": 14,
  "source_image": "WT_THY_HADA_NADA_TADA_40min_ROI2_SIM.czi",
  "is_gt": true
}