{
  "pred_count": 89,
  "gt_count": 21,
  "TP": 21,
  "FP": 68,
  "FN": 0,
  "iou_threshold": 0.1,
  "mean_iou": 0.335778,
  "mean_dice": 0.497751,
  "precision": 0.235955,
  "recall": 1.0,
  "f1": 0.381818
}