{
  "instance_id": 7,
  "source_instance": "inst_0007",
  "volume_shape_zyx": [
    25,
    43,
    32
  ],
  "voxel_size_xy_um": 0.03225,
  "voxel_size_z_um": 0.03225,
  "offset_xy_global_px": [
    293,
    231
  ],
  "z_min_um": -0.37215365210535345,
  "z_max_um": 0.37215365210535345,
  "z0_index": 12,
  "pca_axis_used": "major",
  "pca_explained_variance": [
    70.4679012119501,
    29.754449863861346
  ],
  "source_image": "WT_THY_HADA_NADA_TADA_40min_ROI2_SIM-1.jpg"
}