{
  "instance_id": 16,
  "source_instance": "inst_0016",
  "volume_shape_zyx": [
    38,
    44,
    56
  ],
  "voxel_size_xy_um": 0.03225,
  "voxel_size_z_um": 0.03225,
  "offset_xy_global_px": [
    1895,
    574
  ],
  "z_min_um": -0.5837295288196778,
  "z_max_um": 0.5837295288196778,
  "z0_index": 18,
  "pca_axis_used": "major",
  "pca_explained_variance": [
    131.77186662615122,
    74.89346104086526
  ],
  "source_image": "WT_THY_HADA_NADA_TADA_40min_ROI2_SIM-1.jpg"
}