{
  "instance_id": 2,
  "source_instance": "inst_0002",
  "volume_shape_zyx": [
    30,
    45,
    76
  ],
  "voxel_size_xy_um": 0.03225,
  "voxel_size_z_um": 0.03225,
  "offset_xy_global_px": [
    1995,
    20
  ],
  "z_min_um": -0.461321367826085,
  "z_max_um": 0.461321367826085,
  "z0_index": 14,
  "pca_axis_used": "major",
  "pca_explained_variance": [
    331.4119979758399,
    48.61961128927222
  ],
  "source_image": "WT_THY_HADA_NADA_TADA_40min_ROI2_SIM-1.jpg"
}