{
  "instance_id": 13,
  "source_instance": "inst_0013",
  "volume_shape_zyx": [
    31,
    40,
    57
  ],
  "voxel_size_xy_um": 0.03225,
  "voxel_size_z_um": 0.03225,
  "offset_xy_global_px": [
    1245,
    448
  ],
  "z_min_um": -0.4737650255445064,
  "z_max_um": 0.4737650255445064,
  "z0_index": 15,
  "pca_axis_used": "major",
  "pca_explained_variance": [
    157.72275046864857,
    47.60483354044668
  ],
  "source_image": "WT_THY_HADA_NADA_TADA_40min_ROI2_SIM-1.jpg"
}