{
  "instance_id": 25,
  "source_instance": "inst_0025",
  "volume_shape_zyx": [
    41,
    47,
    48
  ],
  "voxel_size_xy_um": 0.03225,
  "voxel_size_z_um": 0.03225,
  "offset_xy_global_px": [
    896,
    674
  ],
  "z_min_um": -0.642229584989591,
  "z_max_um": 0.642229584989591,
  "z0_index": 20,
  "pca_axis_used": "major",
  "pca_explained_variance": [
    76.40631074981009,
    75.9218369258816
  ],
  "source_image": "WT_THY_HADA_NADA_TADA_40min_ROI2_SIM-1.jpg"
}