{
  "instance_id": 11,
  "source_instance": "inst_0011",
  "volume_shape_zyx": [
    30,
    39,
    42
  ],
  "voxel_size_xy_um": 0.03225,
  "voxel_size_z_um": 0.03225,
  "offset_xy_global_px": [
    2353,
    353
  ],
  "z_min_um": -0.4656838327810556,
  "z_max_um": 0.4656838327810556,
  "z0_index": 14,
  "pca_axis_used": "major",
  "pca_explained_variance": [
    66.63581626364872,
    43.59773958517083
  ],
  "source_image": "WT_THY_HADA_NADA_TADA_40min_ROI2_SIM-1.jpg"
}