{
  "instance_id": 18,
  "source_instance": "inst_0018",
  "volume_shape_zyx": [
    35,
    44,
    43
  ],
  "voxel_size_xy_um": 0.03225,
  "voxel_size_z_um": 0.03225,
  "offset_xy_global_px": [
    1863,
    596
  ],
  "z_min_um": -0.540404090480247,
  "z_max_um": 0.540404090480247,
  "z0_index": 17,
  "pca_axis_used": "major",
  "pca_explained_variance": [
    77.73672176928744,
    67.77258559336417
  ],
  "source_image": "WT_THY_HADA_NADA_TADA_40min_ROI2_SIM-1.jpg"
}