{
  "instance_id": 15,
  "source_instance": "inst_0015",
  "volume_shape_zyx": [
    32,
    37,
    40
  ],
  "voxel_size_xy_um": 0.03225,
  "voxel_size_z_um": 0.03225,
  "offset_xy_global_px": [
    1345,
    481
  ],
  "z_min_um": -0.4997663650005941,
  "z_max_um": 0.4997663650005941,
  "z0_index": 15,
  "pca_axis_used": "major",
  "pca_explained_variance": [
    56.52847460244681,
    47.2475307628132
  ],
  "source_image": "WT_THY_HADA_NADA_TADA_40min_ROI2_SIM-1.jpg"
}