{
  "instance_id": 27,
  "source_instance": "inst_0027",
  "volume_shape_zyx": [
    17,
    31,
    31
  ],
  "voxel_size_xy_um": 0.03225,
  "voxel_size_z_um": 0.03225,
  "offset_xy_global_px": [
    2256,
    731
  ],
  "z_min_um": -0.25721400603806116,
  "z_max_um": 0.25721400603806116,
  "z0_index": 8,
  "pca_axis_used": "major",
  "pca_explained_variance": [
    38.43532618893893,
    15.551734768458124
  ],
  "source_image": "WT_THY_HADA_NADA_TADA_40min_ROI2_SIM-1.jpg"
}