{
  "instance_id": 1,
  "source_instance": "inst_0001",
  "volume_shape_zyx": [
    29,
    37,
    67
  ],
  "voxel_size_xy_um": 0.03225,
  "voxel_size_z_um": 0.03225,
  "offset_xy_global_px": [
    1381,
    12
  ],
  "z_min_um": -0.4477707754383933,
  "z_max_um": 0.4477707754383933,
  "z0_index": 14,
  "pca_axis_used": "major",
  "pca_explained_variance": [
    217.38107017673656,
    42.554815198506525
  ],
  "source_image": "WT_THY_HADA_NADA_TADA_40min_ROI2_SIM-1.jpg"
}