{
  "instance_id": 4,
  "source_instance": "inst_0004",
  "volume_shape_zyx": [
    32,
    37,
    41
  ],
  "voxel_size_xy_um": 0.03225,
  "voxel_size_z_um": 0.03225,
  "offset_xy_global_px": [
    1161,
    109
  ],
  "z_min_um": -0.4870348369059281,
  "z_max_um": 0.4870348369059281,
  "z0_index": 15,
  "pca_axis_used": "major",
  "pca_explained_variance": [
    51.44884144152939,
    39.23783041259483
  ],
  "source_image": "WT_THY_HADA_NADA_TADA_40min_ROI2_SIM-1.jpg"
}