{
  "instance_id": 9,
  "source_instance": "inst_0009",
  "volume_shape_zyx": [
    30,
    38,
    63
  ],
  "voxel_size_xy_um": 0.03225,
  "voxel_size_z_um": 0.03225,
  "offset_xy_global_px": [
    489,
    335
  ],
  "z_min_um": -0.4612588684583335,
  "z_max_um": 0.4612588684583335,
  "z0_index": 14,
  "pca_axis_used": "major",
  "pca_explained_variance": [
    193.23405024115078,
    41.50475661248727
  ],
  "source_image": "WT_THY_HADA_NADA_TADA_40min_ROI2_SIM-1.jpg"
}