{
  "instance_id": 28,
  "source_instance": "inst_0028",
  "volume_shape_zyx": [
    34,
    40,
    49
  ],
  "voxel_size_xy_um": 0.03225,
  "voxel_size_z_um": 0.03225,
  "offset_xy_global_px": [
    1057,
    732
  ],
  "z_min_um": -0.5169807297479537,
  "z_max_um": 0.5169807297479537,
  "z0_index": 16,
  "pca_axis_used": "major",
  "pca_explained_variance": [
    102.01622927617251,
    55.611014051767825
  ],
  "source_image": "WT_THY_HADA_NADA_TADA_40min_ROI2_SIM-1.jpg"
}