{
  "instance_id": 20,
  "source_instance": "inst_0020",
  "volume_shape_zyx": [
    22,
    33,
    30
  ],
  "voxel_size_xy_um": 0.03225,
  "voxel_size_z_um": 0.03225,
  "offset_xy_global_px": [
    1594,
    605
  ],
  "z_min_um": -0.33382965833965117,
  "z_max_um": 0.33382965833965117,
  "z0_index": 10,
  "pca_axis_used": "major",
  "pca_explained_variance": [
    41.64989852039249,
    26.068268697530655
  ],
  "source_image": "WT_THY_HADA_NADA_TADA_40min_ROI2_SIM-1.jpg"
}