{
  "instance_id": 23,
  "source_instance": "inst_0023",
  "volume_shape_zyx": [
    37,
    60,
    45
  ],
  "voxel_size_xy_um": 0.03225,
  "voxel_size_z_um": 0.03225,
  "offset_xy_global_px": [
    1766,
    661
  ],
  "z_min_um": -0.5788500187369453,
  "z_max_um": 0.5788500187369453,
  "z0_index": 18,
  "pca_axis_used": "major",
  "pca_explained_variance": [
    150.51449117449047,
    75.16020613987386
  ],
  "source_image": "WT_THY_HADA_NADA_TADA_40min_ROI2_SIM-1.jpg"
}