{
  "instance_id": 30,
  "source_instance": "inst_0030",
  "volume_shape_zyx": [
    16,
    30,
    38
  ],
  "voxel_size_xy_um": 0.03225,
  "voxel_size_z_um": 0.03225,
  "offset_xy_global_px": [
    1236,
    787
  ],
  "z_min_um": -0.23856510410763046,
  "z_max_um": 0.23856510410763046,
  "z0_index": 7,
  "pca_axis_used": "major",
  "pca_explained_variance": [
    66.33675225729024,
    13.95801812321707
  ],
  "source_image": "WT_THY_HADA_NADA_TADA_40min_ROI2_SIM-1.jpg"
}