{
  "instance_id": 12,
  "source_instance": "inst_0012",
  "volume_shape_zyx": [
    29,
    37,
    44
  ],
  "voxel_size_xy_um": 0.03225,
  "voxel_size_z_um": 0.03225,
  "offset_xy_global_px": [
    2375,
    358
  ],
  "z_min_um": -0.45114166502810144,
  "z_max_um": 0.45114166502810144,
  "z0_index": 14,
  "pca_axis_used": "major",
  "pca_explained_variance": [
    69.12630045381206,
    35.127474730197655
  ],
  "source_image": "WT_THY_HADA_NADA_TADA_40min_ROI2_SIM-1.jpg"
}