{
  "instance_id": 3,
  "source_instance": "inst_0003",
  "volume_shape_zyx": [
    29,
    35,
    39
  ],
  "voxel_size_xy_um": 0.03225,
  "voxel_size_z_um": 0.03225,
  "offset_xy_global_px": [
    1508,
    84
  ],
  "z_min_um": -0.442493722371161,
  "z_max_um": 0.442493722371161,
  "z0_index": 14,
  "pca_axis_used": "major",
  "pca_explained_variance": [
    54.23836362678474,
    40.67492057353693
  ],
  "source_image": "WT_THY_HADA_NADA_TADA_40min_ROI2_SIM-1.jpg"
}